[
   {
      "ID":8,
      "Status": 1,
      "Tokens": 10, 
      "Ended":false,
      "Timer": 0,
      "Modifier":0
   },
   {
      "ID":45,
      "Status": 1,
      "Tokens": 10, 
      "Ended":false,
      "Timer": 0,
      "Modifier":0
   },
   {
      "ID":24,
      "Status": 1,
      "Tokens": 10, 
      "Ended":false,
      "Timer": 0,
      "Modifier":0
   },
   {
      "ID":204,
       "Status": 1,
       "Tokens": 10, 
      "Ended":false,
      "Timer": 0,
      "Modifier":0
   },
   {
      "ID":46,
      "Status": 1,
      "Tokens": 10, 
      "Ended":false,
      "Timer": 0,
      "Modifier":0
   },
   {
      "ID":1,
      "Status": 1,
      "Tokens": 10, 
      "Ended":false,
      "Timer": 0,
      "Modifier":0
   },
   {
      "ID": 57,
      "Status": 1,
      "Tokens": 10, 
      "Ended":false,
      "Timer": 0,
      "Modifier":0          
   },
   {
      "ID": 97,
      "Status": 1,
      "Tokens": 10, 
      "Ended":false,
      "Timer": 0,
      "Modifier":0          
   }
]