TID,EN,AR,CN,CNT,DE,ES,FI,FR,HE,ID,IT,JP,KR,MS,NL,PL,PT,RU,TH,TR,VI
string,string,string,string,string,string,string,string,string,string,string,string,string,string,string,string,string,string,string,string,string,string
TID_SPEC_ABI_SPEEDY_1_DESC,Max now charges her Super while moving.,تشحن الآن ماكس زخمها وهي تتحرك.,移动时，麦克斯会为超级技能充能。,移動時，麥克思會為超級技能蓄能。,"Während sie sich bewegt, lädt Max ihren Superskill auf.",Max carga su súper mientras se desplaza.,Max lataa nyt supervoimaansa liikkuessaan.,Max charge son super en se déplaçant.,מקס טוענת כעת את תכונת הסופר שלה תוך כדי תנועה.,Max kini mengisi ulang kemampuan Super sembari bergerak.,Maxine ricarica la super mentre si muove.,移動中も必殺技がチャージされるようになる。,움직이는 동안 특수 공격을 충전합니다.,Max kini caj supernya ketika bergerak.,Max laadt haar super op terwijl ze in beweging is.,Teraz Maks doładowuje swój superatak w biegu.,Max carrega seu Super ao se locomover.,Макс заряжает Супер в движении.,แม็กซ์สามารถชาร์จท่าไม้ตายขณะเคลื่อนที่ได้,Max hareket ettikçe süper gücü dolar.,Max sẽ tích Tuyệt chiêu khi đang di chuyển.
TID_SPEC_ABI_SPEEDY_2_DESC,Max reloads faster while moving.,تعبئ ماكس ذخيرتها بسرعة أكبر وهي تتحرك.,移动时，麦克斯的装弹速度加快。,移動時，麥克思的裝彈速度會加快。,"Max lädt schneller nach, während sie sich bewegt.",Max recarga su ataque más rápido mientras se desplaza.,Max lataa nopeammin liikkuessaan.,Max recharge plus vite en se déplaçant.,מקס טוענת מהר יותר תוך כדי תנועה.,Max mengisi ulang lebih cepat saat dia bergerak.,Maxine ricarica i colpi più velocemente mentre si muove.,移動中のリロード速度が上昇する。,움직이는 동안 더 빠르게 장전합니다.,Max isi semula lebih cepat ketika bergerak.,Max herlaadt sneller wanneer ze in beweging is.,Maks doładowuje się szybciej w biegu.,Max recarrega mais depressa ao se locomover.,"Макс перезаряжает оружие быстрее, если находится в движении.",แม็กซ์บรรจุกระสุนได้เร็วขึ้นขณะเคลื่อนที่,Max hareket ettikçe yeniden doldurma hızı artar.,Max sẽ nạp đạn nhanh hơn khi di chuyển.
TID_NEW_EVENT_NOW,,,,,,,,,,,,,,,,,,,,,
,,,,,,,,,,,,,,,,,,,,,